{"Version":2,"SourceFileDate":132849065176614707,"Flags":["FL_BITMAP_COMPRESSION","FL_BITMAP_MIPMAP","FL_BITMAP_QUALITY_HIGH","FL_BITMAP_PRECOMPUTED_INV_AVG"],"InvAvgColor":[1.8071707487106323,1.8071707487106323,1.8071707487106323],"HasTransp":true}